area;suites;bathrooms;parkings;value
85;1;2;1;1390000
136;1;3;1;1590000
122;1;3;1;1700000
136;1;1;2;1800000
82;1;3;1;1190000
220;1;3;1;1950000
136;1;3;1;1500000
71;1;2;3;1220461
70;2;3;1;1200000
70;2;3;2;8,00E+05
110;2;2;1;1350000
100;1;3;1;980000
142;1;3;2;1700000
228;1;1;1;2190000
162;2;3;2;1600000
124;1;3;2;1380000
195;2;2;2;5161001
29;1;1;1;4,00E+05
80;1;2;1;990000
70;1;2;1;1027000
173;1;3;2;1750000
140;1;3;1;1386000
151;1;3;3;2600000
135;1;3;2;1700000
188;1;3;2;2600000
190;1;1;2;1850000
202;1;1;1;1800000
96;1;2;1;1350000
149;1;3;1;1590000
120;1;2;1;1190000
220;1;1;1;2300000
144;1;3;1;1915000
170;1;3;1;1670000
238;1;3;1;3980000
204;1;1;1;2300000
220;1;3;1;1950000
146;1;3;1;1280000
120;1;3;2;1200000
85;1;2;1;1100000
230;1;3;2;2800000
159;1;3;1;1550000
300;1;3;2;4500000
95;1;2;1;1100000
300;1;3;2;3700000
163;1;2;1;1600000
70;1;1;1;1014897
110;1;3;1;1400000
141;1;3;1;1280000
189;1;3;1;1980000
155;1;3;1;1850000
144;1;3;1;1450000
94;2;2;2;1549000
115;1;3;1;1350000
161;1;3;1;2130000
132;1;3;1;1550000
123;1;3;1;1252000
75;1;3;1;8,00E+05
140;1;3;1;1700000
197;1;3;2;2500000
161;3;3;2;3590000
88;2;2;1;1450000
184;1;3;1;2350000
142;1;3;2;1700000
94;1;3;1;1290000
70;1;2;1;1348500
140;2;2;1;1750000
60;1;1;1;1050000
120;1;3;2;1399000
114;1;2;1;1650000
150;1;3;2;1700000
164;1;3;2;1450000
222;3;1;2;3290000
95;1;2;1;1100000
90;2;3;2;1490000
172;1;3;1;1380000
188;1;3;2;2600000
139;1;3;1;1300000
115;1;1;2;1500000
155;1;3;2;1800000
280;1;3;3;3200000
140;1;2;1;1596000
160;1;3;2;1580000
170;1;1;1;1800000
220;2;3;2;4400000
70;1;2;1;1038672
100;1;3;1;1,00E+06
115;1;3;1;1350000
159;1;3;1;1700000
240;1;3;2;2650000
70;1;2;1;1020000
70;1;2;1;1019000
70;2;2;1;1197109
153;1;3;1;2150000
105;1;3;2;1498000
155;1;1;2;2350000
109;1;3;1;1550000
153;1;3;1;2150000
136;1;1;3;1700000
125;1;3;2;1650000
203;1;3;1;2400000
151;1;3;1;1548000
143;1;3;2;2300000
117;1;3;1;1600000
112;1;1;1;1200000
112;2;2;1;1790000
115;1;3;1;1350000
180;1;3;1;1880000
151;2;3;3;2850000
140;1;2;1;1710000
189;1;3;1;1900000
120;1;3;2;1500000
115;1;2;1;1300000
145;1;3;3;2500000
90;2;2;2;1700000
144;1;3;1;1915000
169;1;3;1;1750000
139;2;3;3;2800000
113;1;3;2;1600000
127;1;3;1;1650000
162;1;3;1;1750000
250;2;3;2;2389000
136;1;3;1;1590000
170;1;2;2;1350000
248;1;3;1;2800000
81;1;3;1;1280000
122;1;3;2;1500000
90;1;3;1;840000
142;1;3;2;1698000
70;1;1;1;1202974
96;1;3;1;1350000
118;1;3;1;1580000
126;2;1;2;1300000
40;1;1;1;560000
206;1;3;2;2200000
155;1;1;1;1900000
150;1;3;1;1850000
90;2;2;2;1450000
150;2;3;3;1590000
208;1;3;1;1500000
189;1;3;1;1900000
150;2;3;2;2145000
143;1;3;2;2300000
138;1;2;2;1650000
142;1;1;1;1390000
140;1;3;1;1700000
106;1;3;2;1850000
227;1;3;2;3160000
140;1;2;1;1500000
200;1;3;1;1900000
110;1;3;1;1200000
70;1;2;1;1028000
124;2;3;2;1680000
142;1;3;2;1687400
184;1;1;2;2500000
112;1;3;1;1690000
103;2;3;1;1350000
191;1;3;2;1935000
110;1;3;1;1290000
162;1;1;1;1750000
118;2;3;2;2547000
105;2;3;1;1300000
150;1;3;1;2,00E+06
190;1;3;1;2200000
193;1;1;1;2050000
189;1;1;1;1460000
60;1;1;1;1041861
119;2;3;2;2100000
165;1;3;2;1980000
158;1;1;1;2250000
151;1;3;3;2800000
146;3;3;2;1800000
87;2;2;1;880000
250;2;3;2;2389000
208;1;1;2;2500000
203;1;2;2;2199000
187;1;3;1;1700000
136;1;3;2;1700000
100;1;2;1;1170000
71;1;2;1;1172000
165;1;2;2;1800000
80;1;2;1;840000
81;1;2;1;1270000
90;1;3;1;840000
55;1;1;1;980000
156;2;2;1;1800000
110;1;1;1;1485000
207;1;3;2;2100000
103;1;2;1;1200000
110;1;3;1;1485000
100;1;2;1;1240000
151;1;3;1;1700000
101;2;2;1;1370000
154;1;2;1;1800000
150;2;3;3;1590000
71;1;2;1;990000
85;1;2;1;940000
169;1;3;1;1800000
300;1;3;2;3900000
70;1;2;1;869076
150;1;1;1;1595000
155;1;3;1;1650000
92;2;3;2;1490000
117;1;1;1;1200000
169;1;2;2;2,00E+06
86;2;3;2;1400000
140;1;3;1;1600000
130;1;3;1;1500000
115;1;3;1;1290000
70;1;2;1;1170000
142;1;3;1;1150000
115;1;3;1;1170000
115;1;3;2;1494000
94;1;3;1;1530000
136;1;3;1;1450000
180;1;3;2;1650000
163;1;3;1;1600000
255;2;2;2;3800000
186;1;1;1;1600000
113;2;2;1;1400000
115;1;2;2;1495000
159;1;3;1;1690000
115;1;3;1;1150000
71;1;2;1;1195000
146;1;3;1;1650000
95;2;3;1;1300000
110;1;3;1;1290000
140;1;2;1;1865000
165;1;3;2;1780000
85;1;2;1;850000
130;1;3;1;1400000
160;3;2;3;2700000
125;1;3;1;1650000
130;1;2;1;1340000
84;1;3;1;1300000
146;1;3;1;1400000
114;2;3;1;1790000
96;1;3;1;8,00E+05
169;1;3;1;1670000
140;1;3;1;1300000
209;3;3;3;2170000
260;1;3;2;3500000
137;1;3;3;1870000
110;1;3;1;1100000
187;1;3;1;2350000
120;2;2;1;1750000
150;1;3;2;1780000
40;1;1;1;560000
160;1;3;2;1600000
90;1;2;1;940000
144;1;3;1;1300000
96;1;3;1;820000
123;2;3;2;1739000
180;1;3;2;1650000
109;1;3;1;1350000
150;1;3;1;1500000
98;1;2;1;1600000
70;1;2;2;1800000
207;1;2;2;2750000
105;1;1;1;996000
94;1;2;1;1290000
156;1;2;2;2290000
223;1;1;2;2600000
105;1;2;1;1500000
130;1;2;1;1500000
135;1;3;1;1430000
110;1;3;2;980000
138;1;3;1;1500000
142;1;3;1;1150000
130;1;3;1;1500000
280;1;3;2;2700000
156;1;2;2;2289000
103;2;3;1;1350000
27;1;1;1;350000
148;1;3;1;1450000
140;1;3;1;1500000
154;1;3;1;1600000
130;2;3;1;1484000
180;1;2;2;2,00E+06
170;1;3;1;2350000
149;1;3;1;1690000
250;1;2;1;2500000
130;1;2;2;1450000
138;1;3;1;1490000
89;1;3;1;850000
120;1;2;1;1780000
142;1;3;1;1450000
122;1;3;1;1650000
153;1;3;1;2138000
150;1;3;1;1500000
203;3;3;2;3150000
115;1;3;1;1350000
140;1;3;1;1200000
135;1;2;1;1650000
96;1;3;1;850000
111;1;2;1;1490000
220;1;3;2;1900000
168;1;1;1;1500000
150;1;3;1;1150000
180;1;3;1;1700000
151;1;2;1;1900000
70;2;3;2;1150000
154;1;3;1;1600000
188;1;3;1;1600000
150;2;3;3;2900000
120;1;3;1;1600000
132;1;3;2;1500000
98;1;1;1;960000
85;1;2;1;850000
95;2;3;1;1300000
125;1;3;2;1750000
90;1;2;1;1800000
136;1;1;1;1500000
210;2;3;2;2590000
140;1;3;1;1450000
230;1;3;2;2400000
140;1;3;1;1540000
125;1;3;1;1650000
115;1;3;1;1150000
183;1;3;3;2100000
110;1;3;1;1290000
206;1;3;2;2700000
115;1;3;1;1770000
172;1;3;1;1800000
160;1;3;2;1580000
180;1;3;1;1499000
218;1;3;1;2500000
164;1;3;1;1375000
142;1;3;2;1700000
220;1;3;2;2750000
95;1;3;2;1200000
188;1;3;2;2680000
130;1;3;1;1650000
169;1;3;1;1240000
85;1;2;1;850000
150;1;3;2;1740000
230;1;3;2;2650000
85;1;1;1;940000
129;1;3;1;1600000
163;1;3;2;2200000
110;1;2;1;1200000
140;1;3;1;1600000
110;1;2;1;1290000
204;1;3;1;2048000
99;1;3;1;1330000
140;1;3;1;1350000
135;1;3;1;1420000
46;1;1;1;1061948
146;1;3;1;1400000
187;1;3;2;2600000
114;2;3;1;1790000
132;1;2;3;2600000
45;1;1;1;1470188
117;1;3;1;1125000
95;2;3;1;1300000
95;1;3;1;990000
117;1;2;1;1580000
106;1;3;1;1300000
169;1;3;2;1950000
107;1;3;1;1200000
136;1;3;1;1600000
120;1;3;1;1300000
88;1;2;2;1650000
144;1;3;1;1915000
125;1;3;1;1500000
222;2;3;2;4400000
115;1;3;1;1300000
170;1;3;1;1850000
104;1;2;1;2129000
160;1;1;2;1700000
136;1;3;3;1870000
98;1;3;1;1180000
207;3;1;2;3200000
80;1;2;1;1070000
126;1;3;1;1588000
35;1;1;1;886344
100;1;3;1;1060000
112;1;3;2;1650000
129;1;3;1;1460000
172;1;3;1;1720000
97;1;2;1;1080000
156;1;3;2;1850000
139;1;2;1;1400000
80;1;3;1;1252000
120;1;3;1;1250000
94;1;2;1;1350000
186;1;3;3;2430000
62;1;2;1;1290000
142;1;3;2;1700000
119;1;3;2;1700000
96;1;3;1;990000
198;1;3;1;2090000
103;2;2;1;1330000
30;1;1;1;774354
30;1;1;1;774353
30;1;1;1;774354
30;1;1;1;774353
143;1;3;1;1100000
225;1;2;2;3290000
204;1;3;2;2050000
219;2;2;1;2300000
30;1;1;1;730000
128;1;3;1;880000
94;1;3;1;989000
115;1;3;1;1300000
155;1;3;2;1600000
203;1;3;2;2100000
203;1;3;1;2400000
230;1;2;2;3200000
120;1;3;1;1700000
120;1;3;1;1050000
160;1;3;2;1580000
176;1;2;2;3035000
100;2;1;1;1300000
189;1;3;1;2100000
146;1;3;1;1650000
210;3;3;3;3600000
222;2;3;2;4400000
30;1;1;1;774353
154;1;3;1;1800000
95;1;2;1;1190000
123;2;3;1;1748000
220;1;3;1;2,00E+06
115;1;3;1;1335000
80;1;2;1;1070000
115;1;3;1;1140000
183;1;2;3;2400000
112;1;3;2;1630000
150;1;2;3;2790000
87;1;1;1;880000
71;1;1;1;1300000
129;1;2;1;1500000
120;1;1;2;1700000
153;1;3;1;2150000
86;2;2;1;1146000
76;1;2;1;780000
190;1;3;2;2150000
169;1;3;1;1800000
138;1;3;1;1500000
156;1;2;2;2290000
136;1;3;3;1870000
137;1;2;1;1280000
160;1;3;2;1580000
150;2;3;1;1915000
154;1;3;1;1600000
106;1;2;1;1400000
111;1;3;1;1485000
158;1;3;1;1690000
154;1;3;1;1800000
174;1;2;1;2400000
180;1;2;1;1500000
192;2;3;2;2990000
110;1;3;1;1200000
95;2;3;1;1300000
125;1;3;1;1650000
300;1;1;2;3500000
178;1;3;1;1800000
145;1;3;2;1590000
85;1;3;1;950000
210;3;3;3;2500000
190;1;3;1;2200000
165;1;3;1;1850000
130;1;2;1;1450000
130;1;1;1;1500000
90;1;3;1;1300000
115;1;3;1;1350000
118;1;3;1;1580000
122;1;3;2;1700000
207;1;3;2;2300000
140;1;3;1;1500000
119;1;3;1;1250000
144;1;3;2;1350000
135;2;3;3;2300000
128;1;3;1;1850000
148;1;3;1;1490000
120;1;3;1;1050000
162;1;1;1;1680000
141;1;3;2;1700000
149;1;3;1;1690000
207;1;3;2;2100000
140;1;1;2;1676000
103;1;3;1;1100000
122;1;3;1;1200000
103;2;3;1;1350000
116;2;2;2;2,00E+06
205;1;3;2;2200000
152;1;3;1;1850000
275;1;2;2;3800000
47;1;2;1;670000
172;2;3;2;2100000
174;2;3;3;3500000
181;1;3;3;2650000
90;1;1;2;1590000
226;1;3;2;2200000
96;1;3;1;1050000
119;1;3;2;1700000
115;1;3;1;1350000
86;1;1;2;1380000
200;1;3;1;1900000
195;2;2;1;4,00E+06
150;2;3;3;1590000
163;1;2;1;1800000
153;1;3;2;1900000
207;1;3;2;2750000
130;1;1;2;1450000
212;1;3;2;2100000
111;1;2;1;1350000
120;1;3;2;1650000
116;1;3;1;1500000
162;1;3;1;1500000
183;1;3;1;1700000
300;1;3;2;4,00E+06
207;1;2;2;2390000
120;1;3;1;1,00E+06
189;1;2;1;1980000
207;1;3;2;2300000
120;1;3;1;1150000
271;1;2;2;3300000
162;1;1;1;1750000
230;2;3;2;3490000
119;1;3;1;960000
260;1;3;2;2600000
117;1;3;1;1100000
120;1;3;1;1600000
156;1;3;2;2290000
213;1;3;1;2850000
120;1;2;1;1,00E+06
117;1;3;1;1270000
107;1;3;1;1200000
160;1;3;2;1580000
180;1;3;1;1499000
190;1;3;1;2200000
153;1;3;1;2150000
200;1;2;2;2700000
90;1;3;1;868000
226;1;3;2;2200000
186;1;3;1;2700000
124;1;1;2;1680000
225;1;3;3;2800000
95;1;3;1;1200000
179;1;3;1;1650000
110;1;3;1;1400000
228;1;2;2;3160000
79;1;2;1;850000
300;1;1;3;3500000
184;1;2;1;2890000
110;1;2;1;1200000
131;1;3;1;1700000
169;1;3;2;1950000
138;1;2;1;1060000
286;3;3;2;4390000
155;1;3;2;2985000
88;1;1;1;1060000
130;1;3;1;1700000
152;1;3;1;1850000
226;2;3;2;3490000
160;1;3;2;1580000
124;1;3;1;1,00E+06
236;1;1;2;2862000
187;1;3;2;2600000
178;1;3;1;1650000
163;3;3;2;2470000
109;1;2;2;1550000
115;1;3;1;1285000
273;3;3;2;3500000
120;1;3;1;1600000
115;1;2;1;1300000
137;1;3;2;1850000
140;1;3;1;1350000
306;1;2;3;3,00E+06
130;1;3;1;1600000
228;1;3;2;3160000
345;1;2;2;3,00E+06
119;1;3;1;1750000
136;1;3;1;1450000
118;1;3;1;980000
109;1;2;2;1350000
124;1;3;2;1600000
55;1;1;1;1080000
86;1;1;1;920000
112;2;3;1;1790000
230;2;3;2;3490000
80;1;3;1;1280000
198;3;3;2;2500000
136;1;3;1;1050000
115;1;3;2;1500000
129;1;3;2;1300000
188;1;3;2;2600000
104;1;2;1;2129000
85;1;2;1;1100000
249;3;3;2;3990000
131;1;2;1;1500000
220;1;2;2;3400000
96;1;3;1;1070000
207;1;3;2;2300000
160;1;3;1;1900000
156;1;3;2;2,00E+06
122;1;3;2;1700000
81;1;1;1;1280000
120;1;3;1;1050000
100;1;1;2;1650000
162;1;2;1;1850000
156;3;3;2;2190000
153;1;3;1;2495000
96;1;2;1;860000
205;1;3;1;2400000
155;1;2;1;1850000
115;1;3;1;1650000
154;1;3;1;1800000
97;1;2;1;1200000
43;1;1;1;562000
45;1;1;1;405000
95;1;3;1;940000
192;1;2;1;2,00E+06
117;1;3;1;1100000
165;3;3;1;1650000
160;3;3;2;2270000
95;1;1;1;2450000
186;1;3;2;2350000
124;1;3;1;1030000
250;1;3;2;3500000
100;1;2;1;1240000
173;2;3;3;3,00E+06
279;3;3;3;5860000
115;1;3;1;1500000
163;3;3;2;2490000
160;1;3;2;1550000
71;1;2;1;1490000
111;1;3;1;1485000
162;1;3;1;2480000
190;1;3;1;2100000
206;1;3;2;2500000
213;1;3;1;2850000
90;1;2;1;1100000
110;1;2;1;1280000
98;1;1;1;1600000
162;1;3;1;1600000
96;1;3;1;850000
101;2;2;1;1370000
117;1;3;1;1170000
228;1;3;2;3160000
182;3;3;3;2400000
103;1;2;1;1,00E+06
113;2;2;1;1400000
214;1;3;1;2500000
80;1;2;1;1070000
219;2;3;1;2300000
230;1;1;2;2400000
80;1;2;1;1100000
150;2;3;2;2145000
146;1;3;1;1280000
119;1;3;2;960000
96;1;3;1;1180000
130;1;3;1;1550000
286;3;1;2;4390000
200;1;3;1;1900000
136;2;3;2;2100000
103;1;3;1;1100000
70;1;2;1;1119000
68;2;3;2;870000
150;2;3;3;1590000
100;2;2;2;2500000
130;1;1;2;1450000
192;1;2;1;2350000
112;1;3;1;1290000
156;3;3;2;2270000
160;1;3;2;1600000
363;2;1;3;3200000
226;1;3;2;2200000
150;2;3;3;1590000
115;1;2;1;1350000
117;1;3;1;1200000
94;2;2;2;1549000
130;1;3;2;1696000
119;1;3;1;1250000
140;1;3;1;1698000
287;3;3;2;4390000
136;1;3;1;1600000
160;3;3;2;2270000
215;1;3;1;1700000
123;1;2;2;1700000
40;1;1;1;550000
130;1;3;2;1705000
130;1;3;1;1700000
90;1;3;2;1590000
160;1;2;2;1800000
61;1;2;2;750000
70;1;2;1;850000
136;1;3;1;1590000
130;1;1;2;1450000
249;2;2;1;3250000
250;1;3;2;2800000
172;2;3;2;2100000
156;2;3;3;3150000
150;1;3;2;1840000
210;2;3;2;3250000
225;1;3;2;3700000
120;1;2;1;1050000
95;2;1;1;1295000
287;3;3;2;4390000
109;1;3;1;1100000
96;1;3;1;990000
275;3;3;3;5200000
208;2;2;2;2500000
158;1;3;1;1490000
115;2;3;1;1750000
95;2;3;1;1298000
187;2;3;2;5200000
94;1;3;1;989000
110;1;3;1;1485000
292;1;1;3;2120000
200;1;3;2;2600000
207;1;1;2;2150000
266;2;2;1;2300000
128;1;3;1;1350000
156;1;3;2;2280000
140;2;2;1;1750000
250;1;3;2;2900000
46;1;1;1;550000
266;2;3;2;4595000
197;1;3;1;2500000
89;2;3;2;1650000
112;2;1;1;1790000
197;1;3;1;2090000
108;1;3;1;940000
136;1;3;1;1500000
130;1;2;1;1380000
96;1;3;1;850000
140;1;2;1;1900000
130;1;3;1;1500000
96;1;3;1;1,00E+06
223;2;2;2;2650000
156;3;1;2;2190000
150;1;3;1;1300000
207;1;3;2;2095000
187;1;2;1;1700000
118;1;3;1;980000
39;1;1;1;590000
250;2;3;2;2389000
198;1;3;2;1600000
110;1;2;1;1100000
194;1;2;1;1995000
160;3;3;2;2270000
226;1;3;1;1800000
157;1;2;1;2290000
116;1;2;2;1200000
46;1;1;1;550000
187;1;3;3;2800000
180;1;3;1;1499900
180;1;3;2;2,00E+06
180;2;2;3;3,00E+06
230;1;3;2;3100000
160;1;3;1;1834000
81;1;2;1;850000
100;1;3;1;1100000
184;1;2;1;2950000
240;1;3;2;2500000
136;2;3;2;2100000
220;1;2;2;2850000
153;1;3;1;1390000
162;1;2;1;1750000
70;1;1;1;1202975
70;1;2;1;980000
154;2;3;2;4450000
180;1;2;1;2190000
179;1;3;1;2075000
78;1;2;1;8,00E+05
78;1;2;2;1600000
117;1;2;1;1060000
125;1;3;1;1400000
223;2;2;2;2540000
110;1;3;1;1380000
231;2;3;2;3200000
151;1;3;1;1990000
78;1;2;2;850000
98;1;2;1;1200000
180;2;3;1;2120000
153;1;3;1;2350000
86;1;3;1;1150000
110;1;2;2;2450000
121;1;2;1;1400000
160;1;3;2;2095000
96;1;3;1;1350000
61;1;2;1;1060000
120;1;1;1;1400000
206;1;3;2;2450000
110;1;3;1;1350000
190;1;3;1;2,00E+06
120;1;3;1;1190000
150;2;3;3;1590000
249;3;1;2;3990000
61;1;2;2;750000
136;2;3;2;2100000
210;1;3;2;3200000
120;1;3;1;1748000
105;1;3;1;1198000
210;1;2;2;3,00E+06
117;1;1;1;1750000
153;1;2;1;1500000
204;3;3;2;4300000
144;1;3;2;1500000
105;1;3;2;1500000
204;1;3;2;2050000
160;1;3;1;1580000
249;2;2;1;3250000
231;1;3;1;2200000
210;1;3;2;2100000
124;1;1;1;1380000
203;1;2;1;2600000
136;1;3;1;1700000
106;1;3;2;1850000
158;1;3;1;764900
198;1;2;2;2650000
142;1;2;1;1360000
225;1;3;3;2800000
187;1;2;1;2350000
189;1;3;1;2400000
118;1;3;1;980000
208;1;1;2;2800000
110;1;3;1;1300000
230;2;3;2;3490000
294;2;3;2;3500000
105;1;3;2;1300000
120;1;3;1;1500000
80;1;1;2;1800000
150;2;3;3;1590000
203;1;3;2;1720000
260;3;3;2;3,00E+06
96;1;3;1;1080000
220;1;2;2;2120000
230;1;3;2;2750000
144;1;2;1;1915000
181;1;2;3;2650000
117;1;3;2;1400000
96;1;3;1;1350000
252;2;2;2;3450000
203;3;3;2;3150000
125;1;2;1;1800000
142;1;3;2;1700000
160;1;3;2;1755000
219;1;2;2;3500000
94;1;2;2;1140000
345;3;3;2;4950000
98;1;2;1;1270000
89;2;3;2;1650000
140;1;3;1;1484000
230;3;1;2;2800000
287;3;2;2;4390000
120;1;3;2;1450000
187;1;3;1;2850000
95;1;2;1;940000
192;2;3;1;2700000
210;2;3;2;3250000
120;1;3;1;1345000
110;1;2;2;1700000
110;1;3;1;1398000
167;1;2;2;2,00E+06
94;2;3;2;1549000
250;3;3;2;3390000
150;1;2;1;1700000
186;3;3;3;2340000
141;1;3;2;1700000
165;3;3;1;1800000
155;1;2;2;1170000
97;1;2;1;1,00E+06
154;1;3;2;2250000
122;1;3;2;1498000
140;2;3;1;2500000
220;1;1;2;2750000
110;1;2;2;1500000
274;2;3;2;2550000
131;1;2;1;1500000
200;1;2;2;2600000
110;1;3;1;1200000
208;2;1;2;2710000
119;1;3;2;960000
90;2;2;2;1590000
180;1;3;2;1920000
174;1;1;1;2400000
186;1;2;1;1850000
130;1;3;2;1448000
239;2;2;2;3200000
129;1;3;1;1290000
34;1;1;1;540000
172;2;2;2;2400000
176;1;2;2;2860000
207;1;3;2;2800000
183;1;3;1;1700000
124;1;3;2;1700000
200;1;2;2;1650000
180;1;3;1;2560000
286;3;3;2;4390000
214;1;3;2;2350000
140;1;2;1;1450000
87;1;3;1;880000
103;1;2;1;1,00E+06
106;1;2;1;1,00E+06
176;1;2;2;2800000
150;1;3;1;1650000
195;2;2;2;5551800
139;1;3;1;1300000
86;1;2;1;1120000
223;2;3;3;4500000
162;1;2;1;1680000
189;1;3;1;1600000
89;1;2;2;1300000
150;2;3;3;1590000
210;3;1;3;3600000
87;1;2;1;8,00E+05
82;1;2;2;2100000
126;1;1;1;1380000
136;1;1;1;1060000
230;3;3;3;3790000
124;1;1;2;1400000
124;2;3;2;1680000
206;1;2;2;2400000
136;1;2;2;1696000
203;3;3;2;3250000
130;1;3;1;1590000
110;1;3;1;979000
90;1;2;1;1280000
178;2;3;1;2900000
202;1;3;1;2150000
120;1;3;1;1300000
207;1;2;2;2450000
145;2;1;2;2180000
169;1;3;2;2190000
286;1;3;2;3875000
150;1;3;3;2900000
140;2;3;2;1280000
151;2;2;3;2900000
208;1;3;1;2600000
154;1;2;2;1980000
214;3;3;3;3200000
287;3;3;2;4390000
93;1;2;2;1790000
140;1;3;1;1800000
220;1;3;1;2220000
227;2;3;3;2750000
105;1;3;1;1500000
145;1;3;2;1700000
119;1;2;2;1500000
100;1;3;1;1240000
60;1;1;1;1041862
139;1;3;1;1590000
183;1;3;1;1900000
70;1;2;1;1028215
406;3;1;3;8,00E+06
112;1;3;1;1390000
112;1;3;1;1490000
111;1;2;1;1380000
35;1;1;1;490000
169;1;3;1;1870000
210;2;3;2;3250000
110;2;2;1;1350000
150;1;3;1;1600000
130;1;3;1;1250000
43;1;1;1;650000
110;1;2;1;1550000
156;1;2;2;2290000
206;1;2;2;2400000
113;1;2;2;1650000
72;1;1;1;1727950
95;1;3;2;1350000
215;1;3;2;2800000
123;1;3;1;1200000
167;1;3;1;1300000
220;1;2;2;3400000
230;3;3;2;3050000
129;1;3;1;1500000
275;1;1;3;5,00E+06
115;1;2;1;1350000
180;2;2;3;3,00E+06
175;1;1;1;1950000
160;1;2;1;1750000
207;1;2;2;2400000
134;1;3;1;1500000
300;2;3;2;3500000
230;2;3;3;3500000
146;1;3;1;1500000
195;2;2;2;5551800
95;2;3;1;1300000
120;1;3;1;1300000
245;3;3;2;3400000
220;1;3;1;2,00E+06
144;1;2;1;1914000
180;1;1;1;1800000
142;1;3;2;1700000
180;1;3;1;1498000
160;1;3;1;1950000
179;1;3;1;1700000
64;1;1;2;710000
220;1;3;2;3500000
128;1;3;1;880000
138;1;3;1;1700000
156;3;3;1;2200000
147;2;3;3;1595000
239;1;3;2;3,00E+06
162;1;3;1;1850000
162;1;1;1;1750000
300;1;3;3;4600000
140;1;3;2;1700000
133;2;3;1;1890000
66;1;1;1;9,00E+05
163;3;1;2;2490000
203;3;3;2;3150000
219;2;3;1;4,00E+06
220;1;3;2;3400000
205;1;2;1;2400000
43;1;1;1;650000
180;1;3;2;2100000
87;1;1;1;990000
236;2;3;1;2300000
103;1;3;1;1280000
223;2;1;2;2600000
154;1;3;1;1780000
115;1;3;1;1290000
230;1;1;2;3200000
96;1;3;1;940000
241;1;2;2;3400000
98;2;3;1;1290000
117;1;3;1;1115000
150;2;2;3;1620000
109;1;3;1;1445000
135;1;3;1;1570000
183;1;1;1;1700000
167;1;3;1;1990000
117;1;3;1;860000
130;1;3;1;1800000
145;1;1;1;1550000
130;1;2;1;1340000
187;1;3;1;1800000
215;1;3;1;1700000
115;1;3;1;1500000
150;1;2;1;1800000
136;1;2;3;1670000
95;1;1;1;940000
160;1;3;2;1750000
245;1;3;1;2600000
162;1;1;1;1680000
212;1;1;2;2,00E+06
189;1;3;1;2100000
180;1;3;1;1380000
208;2;3;1;3,00E+06
96;1;2;1;1200000
60;1;2;1;1170000
176;1;3;2;2390000
120;1;2;2;1450000
117;1;2;1;1100000
196;1;3;2;2100000
142;1;3;1;1915000
95;1;3;2;1350000
180;1;2;1;2100000
136;1;1;1;1060000
170;1;2;2;1870000
245;1;2;2;3370000
212;1;3;2;1995000
216;2;2;2;2700000
240;2;3;1;2300000
154;1;3;1;1700000
230;3;3;2;2900000
128;1;3;2;1500000
270;3;3;2;3940000
115;2;3;1;1700000
117;1;3;1;1200000
272;3;3;3;4352000
88;1;3;1;1280000
170;1;2;1;1800000
160;1;3;2;1550000
136;1;3;1;970000
98;1;2;2;1600000
201;1;1;1;1990000
230;3;3;2;3770000
43;1;2;1;530260
263;3;3;3;3200000
204;1;3;2;4300000
245;1;3;2;3500000
112;1;3;1;1200000
95;1;1;1;1290000
140;1;3;1;1500000
158;1;3;1;2140000
169;1;3;1;1800000
112;1;3;1;1300000
223;2;3;3;3200000
231;2;2;2;2350000
207;1;1;1;2200000
179;1;3;1;1700000
150;1;3;2;1790000
188;1;3;1;1900000
89;2;3;2;1650000
100;1;2;2;1275000
138;1;2;1;1200000
114;1;3;1;1600000
170;1;3;2;2200000
170;1;1;2;2,00E+06
230;2;1;2;3490000
150;1;3;3;2800000
70;1;2;1;1029000
150;1;2;3;2790000
205;2;1;1;2220000
120;1;2;1;1500000
247;1;2;2;2120000
119;1;3;2;1695000
280;1;3;3;3200000
120;1;3;1;1270000
212;1;2;2;2590000
180;1;3;3;2980000
158;1;2;1;1590000
250;2;3;2;3390000
225;2;2;3;3,00E+06
220;1;3;1;2550000
112;1;3;2;1700000
207;1;3;2;2400000
156;1;1;2;2290000
219;3;3;2;2650000
190;1;3;3;2300000
140;1;2;1;950000
180;2;3;1;2120000
100;1;3;1;1228000
110;1;2;1;1485000
135;1;2;1;1440000
124;1;3;2;1680000
110;1;2;1;1400000
180;1;3;1;2100000
154;1;3;1;1800000
112;2;2;1;1790000
228;2;1;2;3160000
115;1;1;2;1500000
85;1;2;1;1180000
100;2;3;2;1650000
120;1;3;1;1380000
164;1;3;2;2500000
158;1;3;1;2100000
44;1;2;1;540000
300;2;3;2;3500000
210;2;1;1;2500000
141;1;3;2;1590000
125;1;3;1;998000
190;1;3;1;1980000
132;1;2;1;1300000
105;1;3;2;1500000
27;1;1;1;350000
162;1;3;1;1390000
100;1;3;2;1300000
186;1;3;1;1600000
190;1;3;1;1890000
178;3;3;3;2600000
98;2;3;1;1290000
96;1;3;1;1090000
207;1;3;2;2300000
150;2;3;3;1590000
162;1;3;1;1750000
150;1;2;1;1400000
222;3;3;2;3290000
115;1;3;1;980000
230;1;2;2;2800000
327;2;2;3;7191800
220;1;3;1;2130000
150;2;3;3;1590000
138;2;2;1;1090000
168;1;1;1;1490000
108;2;3;1;1200000
98;2;3;1;1200000
117;1;1;1;1200000
150;1;3;1;1300000
125;1;3;1;1500000
119;1;2;2;1700000
169;1;1;1;1800000
156;1;3;2;2290000
182;1;3;3;2650000
120;1;1;1;1780000
154;1;1;1;1750000
180;1;3;2;1990000
154;1;1;1;1800000
129;1;3;2;1445000
115;1;3;2;1100000
360;1;2;3;4180000
90;1;2;1;768000
150;1;3;1;1690000
220;1;3;1;2300000
110;1;3;1;1200000
144;2;2;2;2180000
115;2;3;2;1710000
210;1;3;2;3200000
96;1;3;1;1078000
100;1;3;1;1168000
140;1;3;1;1300000
212;1;1;2;2,00E+06
180;1;3;2;1650000
181;1;3;1;1700000
291;3;1;3;4800000
237;1;3;2;3,00E+06
231;1;3;2;2900000
170;1;3;1;1670000
138;1;2;1;1380000
156;1;3;1;1300000
124;1;2;2;3100000
85;1;3;1;940000
122;1;3;2;1700000
207;1;1;2;2090000
98;1;2;1;928000
245;2;1;3;3600000
87;1;2;1;8,00E+05
203;3;3;2;3250000
195;2;3;3;5871000
228;1;3;2;2199000
212;1;3;2;2770000
89;1;2;1;849000
129;1;3;1;1680000
71;1;2;2;1400000
70;1;1;1;1150000
136;2;3;2;2200000
130;1;3;2;1450000
117;1;3;1;1600000
117;1;3;1;1600000
100;1;3;1;1030000
155;2;3;2;2100000
162;1;3;1;1588000
98;2;3;1;1270000
96;1;2;1;1350000
136;2;3;2;1858000
230;3;1;3;2890000
140;1;1;1;1380000
310;1;2;2;5,00E+06
160;1;2;2;1650000
81;1;2;1;850000
111;1;2;1;1380000
270;1;3;1;3,00E+06
200;1;1;2;2770000
165;1;3;2;1800000
140;1;3;1;1380000
93;1;3;1;1100000
186;1;3;1;2700000
160;1;3;2;1750000
105;1;3;2;1498000
222;1;3;2;2,00E+06
130;1;3;1;1500000
100;1;3;2;1300000
200;3;3;3;2100000
249;3;3;2;3990000
71;1;1;1;1490000
292;1;3;2;2500000
105;1;1;1;980000
160;1;3;1;2650000
140;2;1;3;1600000
135;1;3;1;1600000
155;1;3;1;1800000
119;1;3;2;1700000
120;1;3;2;1490000
117;1;1;1;1070000
136;1;2;3;1885000
62;1;1;1;1203000
193;1;3;1;1900000
180;2;3;1;2120000
120;1;3;1;1190000
115;1;3;1;1350000
136;1;3;1;1595000
228;1;3;2;3160000
188;1;3;2;2600000
225;2;3;3;3198000
86;1;1;2;1550000
107;1;2;1;950000
117;1;3;1;970000
186;3;3;3;2340000
130;1;3;1;1500000
27;1;1;1;340000
161;1;2;1;2100000
176;1;1;2;2390000
138;1;3;1;1700000
156;1;1;2;2270000
112;1;3;1;1500000
127;1;2;1;1600000
150;1;3;1;1990000
240;1;2;2;2100000
138;1;3;1;1700000
118;1;2;1;1390000
185;1;2;2;1780000
136;1;2;1;1596000
290;2;2;2;4500000
58;1;1;1;840000
81;1;3;1;1230000
127;1;3;1;1300000
79;1;2;1;8,00E+05
151;1;1;1;1550000
142;1;3;1;1150000
140;1;3;1;1300000
130;1;3;1;1550000
95;1;2;1;960000
220;2;3;1;2050000
130;1;1;1;1700000
210;1;3;2;1500000
110;1;2;1;1200000
340;3;3;2;4400000
165;1;3;2;1950000
90;1;2;1;1320000
186;1;3;2;2400000
151;1;1;3;2800000
163;1;2;1;1500000
136;1;1;1;1060000
130;1;3;1;1700000
70;1;2;1;1200000
245;1;2;2;2500000
136;1;3;1;1596000
187;1;3;1;2491000
184;1;3;1;1800000
153;1;3;1;2280000
113;1;2;1;1248000
91;1;2;1;1200000
90;1;3;1;1090000
124;2;2;2;1680000
169;1;3;1;1750000
140;1;2;1;1700000
160;1;1;1;1500000
142;1;3;2;1700000
170;1;1;2;1600000
130;1;3;2;1498000
220;1;1;2;2500000
276;2;2;1;3,00E+06
260;1;2;2;3500000
194;1;2;1;1900000
123;1;3;2;1450000
160;1;3;1;1500000
195;2;2;2;5551800
160;1;3;2;1550000
95;1;3;1;940000
83;1;2;2;1800000
94;1;2;1;1350000
162;1;3;1;1680000
140;2;3;1;1484000
86;1;2;2;1650000
237;1;3;1;1680000
273;3;1;2;2900000
169;1;2;1;1640000
169;1;3;1;2900000
140;1;3;1;1540000
207;1;3;2;2100000
212;1;1;2;2290000
258;1;3;2;3800000
112;2;3;1;1790000
230;2;2;1;2295000
84;1;2;1;1350000
187;1;2;1;1800000
85;1;2;1;850000
150;1;3;1;1600000
273;3;3;3;4350000
184;1;3;1;2350000
230;2;3;3;3500000
142;1;3;2;1700000
145;1;3;2;1495000
132;1;1;3;2700000
33;1;2;1;450000
160;1;3;2;1550000
86;1;2;1;980000
140;2;3;2;1280000
95;2;2;1;1300000
130;1;3;1;1700000
136;1;3;1;1590000
120;1;2;2;1350000
258;1;1;3;2800000
200;3;3;3;2200000
110;1;3;1;1150000
80;1;1;1;990000
90;1;2;1;1100000
250;1;3;2;2150000
180;1;1;1;1800000
140;1;2;1;950000
87;1;1;1;1100000
160;1;3;2;2300000
120;1;3;1;1290000
146;1;3;1;1400000
154;1;3;1;1800000
155;1;2;2;1170000
120;1;3;1;1780000
190;1;3;1;2200000
150;1;3;1;2120000
110;1;3;2;1500000
140;1;1;1;1740000
207;1;3;2;2750000
205;1;2;1;2400000
170;1;2;1;1700000
124;1;3;2;1380000
112;2;2;1;1790000
180;1;2;2;1600000
189;2;2;1;3400000
190;1;3;1;2850000
69;1;1;1;1080267
136;1;3;2;1700000
151;1;3;2;1800000
184;1;2;2;1990000
110;2;3;1;1350000
225;2;3;3;4,00E+06
194;1;3;1;1990000
160;1;3;2;1569000
166;3;3;1;1600000
220;1;3;1;2220000
128;1;3;1;1300000
240;1;3;1;2598000
170;1;3;1;1850000
170;1;3;1;1700000
125;1;3;1;1650000
190;2;2;1;3,00E+06
106;1;3;1;1300000
168;2;2;2;2150000
48;1;1;1;460000
210;1;3;2;3,00E+06
135;1;2;1;1100000
40;1;1;1;550000
80;1;1;1;990000
150;2;3;3;1590000
186;1;3;1;2800000
290;1;2;2;4700000
87;1;3;1;1100000
136;1;3;1;1595000
150;1;2;1;2,00E+06
186;1;3;3;2100000
270;2;3;2;3900000
144;1;2;1;1915000
113;2;2;1;1600000
210;1;3;2;1850000
191;1;3;1;2100000
109;1;3;2;1348000
223;2;3;2;2650000
100;1;2;1;1170000
184;1;2;3;2650000
296;2;3;2;3500000
127;1;2;1;1300000
116;1;2;2;949000
115;1;3;1;1350000
270;2;2;2;4500000
113;1;3;2;1500000
156;1;3;2;2190000
180;1;3;2;1900000
250;1;3;2;3,00E+06
49;1;2;1;980000
130;1;3;1;1600000
82;1;2;2;1490000
210;1;3;2;2400000
96;1;3;1;1280000
160;1;2;2;1750000
48;1;2;1;560000
38;1;1;1;560000
220;1;3;1;2550000
130;2;2;1;1350000
210;1;3;2;2675000
250;1;1;2;3300000
115;1;3;1;1200000
80;1;2;1;1070000
177;1;2;1;2450000
184;1;3;1;2350000
110;1;3;1;1150000
115;1;3;1;1150000
214;2;3;3;3250000
160;1;3;2;2298000
225;2;3;2;2800000
169;1;3;2;2340000
300;1;1;1;1,00E+06
122;1;2;1;1290000
110;1;3;1;979000
200;1;3;2;2100000
222;3;3;2;3290000
160;1;3;1;2790000
94;1;2;1;1,00E+06
144;1;3;2;1500000
117;1;2;1;1280000
238;1;3;1;3490000
125;1;3;1;1650000
225;1;3;2;2850000
144;1;3;2;1500000
249;3;3;2;3990000
156;3;2;2;2270000
206;1;1;2;2700000
345;3;3;2;5400000
120;1;3;1;1700000
86;1;3;1;954000
180;1;1;2;1990000
170;1;2;1;1670000
205;1;2;2;2500000
212;1;2;2;2,00E+06
120;1;3;1;1780000
224;1;2;3;2650000
139;1;3;1;1450000
300;2;3;2;3500000
168;1;3;1;1800000
180;1;3;1;2100000
222;1;1;2;3390000
195;2;3;3;5162200
190;1;2;2;1780000
165;1;3;2;1950000
27;1;1;1;350000
323;1;1;3;2700000
182;3;3;3;2400000
112;2;3;1;1780000
79;1;2;2;1400000
200;1;2;1;2400000
222;2;3;3;3200000
450;3;1;3;1,30E+07
217;2;2;1;2300000
86;1;2;2;1350000
340;3;1;2;4300000
300;1;3;2;3400000
115;2;3;1;1700000
120;1;3;1;1300000
294;1;2;3;4380000
120;1;3;1;1780000
101;1;2;1;1450000
260;1;2;2;2600000
102;1;1;1;1200000
100;1;2;1;1240000
95;2;3;1;1300000
154;1;3;1;1600000
200;1;2;3;3,00E+06
140;1;2;2;1700000
83;1;1;2;2100000
192;1;2;1;2225000
205;1;3;2;2200000
94;2;2;2;1440000
160;1;3;2;1550000
118;1;3;1;1580000
205;1;3;2;2200000
150;1;3;2;1900000
189;1;1;1;1980000
57;1;2;1;861214
167;1;2;2;3,00E+06
155;1;3;1;1850000
110;1;3;1;1400000
27;1;1;1;350000
143;1;3;1;1115000
190;1;3;2;2500000
345;1;2;2;3,00E+06
140;1;1;1;1600000
130;1;2;2;2600000
130;1;2;2;1500000
162;1;3;1;1750000
135;1;3;1;1520000
170;2;3;1;1850000
189;1;3;1;1980000
135;1;3;2;1300000
180;1;1;2;1900000
146;3;3;2;1750000
145;1;2;1;1700000
100;1;3;1;1500000
120;1;3;2;1650000
230;1;3;1;3,00E+06
117;1;2;1;1100000
193;1;3;1;1970000
175;3;3;2;2490000
287;3;3;2;4490000
136;1;3;1;1150000
286;3;3;2;4390000
180;3;3;3;2400000
130;1;3;1;1650000
110;1;1;1;1500000
135;1;2;1;1435000
190;3;3;2;2250000
114;1;2;1;1150000
86;1;3;1;1050000
220;1;2;1;2,00E+06
180;1;3;1;1499000
330;1;2;2;3300000
132;1;3;1;1188000
100;1;1;1;1100000
100;1;1;1;1100000
130;1;3;1;1200000
237;2;3;2;3600000
156;3;3;2;2270000
215;1;1;2;2600000
100;2;1;1;1290000
158;1;2;1;1950000
110;1;3;2;1500000
90;1;3;1;1325000
249;2;3;2;4400000
214;3;3;3;3200000
154;1;3;2;2050000
156;1;3;2;1890000
79;1;1;1;850000
200;1;2;2;2600000
140;1;3;1;1500000
80;1;3;1;1280000
136;1;3;3;1870000
119;2;2;1;1790000
100;1;2;1;1240000
181;3;1;3;2650000
136;1;2;3;1870000
180;1;3;1;1800000
115;1;2;2;1400000
245;1;3;2;3500000
229;1;1;2;3900000
100;1;3;1;990000
310;2;3;2;6,00E+06
300;1;3;2;3800000
210;1;2;2;3,00E+06
138;2;3;2;4050000
180;1;1;2;2600000
121;1;3;1;1350000
104;1;2;1;1300000
144;1;3;2;1700000
105;1;3;2;1850000
94;1;2;2;1140000
134;1;2;1;1650000
180;1;3;2;1790000
151;1;2;2;2290000
381;1;2;2;5300000
120;1;3;1;1820000
144;1;3;2;1261400
120;1;3;2;1500000
165;1;3;2;1390000
70;1;2;1;1028215
170;1;1;1;1900000
90;1;3;1;1210000
207;1;3;2;2100000
120;1;2;1;1,00E+06
120;1;2;1;1,00E+06
230;1;3;2;2800000
169;1;1;1;1750000
222;3;3;2;3390000
156;1;1;2;2290000
180;1;3;2;1600000
112;1;1;2;1700000
158;1;1;1;1850000
120;1;3;1;1400000
220;1;2;2;3050000
180;1;3;2;1900000
182;1;3;3;2650000
136;1;1;2;1600000
144;1;3;1;1915000
170;1;3;2;1600000
161;3;2;2;3590000
203;1;1;1;2400000
62;1;2;1;1290000
112;2;3;2;1630000
227;1;3;1;2200000
153;1;3;1;2150000
205;1;3;1;2400000
200;1;3;1;2090000
132;1;3;1;1380000
156;3;3;2;2190000
205;1;3;2;2200000
99;1;3;1;1250000
101;1;3;1;978000
213;1;2;2;2700000
102;1;3;1;988000
230;1;3;2;2500000
68;2;3;2;840000
71;1;1;1;1490000
223;2;2;3;3200000
141;1;3;2;1850000
130;1;1;1;1400000
103;2;3;1;1350000
153;2;2;1;1900000
120;1;1;2;1400000
94;1;2;2;9,00E+05
94;1;2;2;9,00E+05
300;2;3;2;3500000
215;1;2;1;1700000
115;1;3;1;1350000
115;2;3;1;1750000
346;3;3;2;5320000
120;1;2;2;1100000
210;1;2;1;2500000
137;1;2;1;1270000
151;1;2;3;2790000
168;1;3;2;1710000
160;2;1;1;2120000
160;1;2;1;1950000
203;3;3;2;3150000
195;1;3;2;2500000
27;1;1;1;340000
27;1;1;1;340000
95;1;3;1;1200000
222;1;3;2;2,00E+06
143;1;1;1;1150000
130;1;3;1;1480000
207;1;2;2;2100000
144;1;1;1;1915000
120;1;3;1;1450000
125;2;3;1;2650000
275;1;2;2;3,00E+06
105;1;2;1;1350000
27;1;1;1;350000
204;1;1;2;2050000
136;1;3;1;1590000
138;1;2;1;1060000
158;2;3;3;1590000
141;1;3;2;1700000
135;1;3;1;1300000
119;1;3;1;1750000
235;2;3;1;2300000
160;1;3;2;1580000
260;3;3;2;3500000
107;1;2;1;950000
110;1;2;1;1250000
231;2;3;2;2862000
302;1;3;2;4100000
228;1;3;2;3160000
144;1;3;1;1915000
270;1;2;2;4100000
140;2;3;3;2500000
195;2;3;3;5357000
113;1;2;1;1100000
210;1;2;2;2400000
41;1;1;1;562000
198;1;1;1;2500000
130;1;3;2;1690000
206;1;1;2;2500000
156;3;3;2;2190000
210;1;2;2;2280000
275;3;3;3;4800000
78;1;2;1;755000
188;1;3;2;2600000
156;1;2;2;2290000
136;1;3;2;1600000
177;1;3;1;1400000
208;2;3;2;2500000
173;1;2;2;2020000
212;1;2;2;2,00E+06
228;1;3;2;3160000
139;1;2;1;1980000
163;2;3;1;1600000
65;1;2;2;1250000
160;1;3;2;1700000
150;1;3;1;1550000
105;1;3;2;1850000
206;1;3;2;2500000
27;1;1;1;350000
71;1;1;1;1490000
160;1;2;2;2200000
27;1;1;1;350000
120;1;2;1;1550000
113;2;2;1;1400000
70;1;1;2;1020500
250;1;3;2;3,00E+06
144;1;3;1;1900000
190;1;2;1;980000
158;1;2;2;2150000
70;1;2;1;1197108
120;1;3;1;1290000
96;1;1;1;1080000
90;1;2;2;1590000
214;1;3;3;2300000
106;1;3;2;1740000
107;1;3;1;1200000
130;1;1;1;1500000
27;1;1;1;340000
111;1;3;1;2400000
112;2;2;1;1790000
160;2;1;1;1650000
103;2;3;1;1350000
190;1;3;2;2600000
130;1;3;2;1500000
79;1;2;1;8,00E+05
186;1;3;2;2350000
200;1;1;2;4300000
80;1;2;1;1070000
210;1;2;2;2200000
300;1;1;3;3800000
190;1;3;1;2100000
180;1;3;2;1600000
191;2;3;3;2,00E+06
101;2;2;1;1370000
117;1;3;1;1750000
78;1;2;1;850000
160;1;2;2;1700000
146;1;2;1;1535000
160;3;3;3;2600000
100;1;1;1;1380000
207;1;3;2;2300000
120;1;3;1;1650000
94;1;2;2;1140000
120;1;2;1;2500000
142;1;3;2;1700000
110;1;2;1;1485000
100;1;2;1;1100000
170;1;3;1;1800000
95;2;3;1;1300000
136;2;3;2;2100000
230;2;2;2;3,00E+06
172;2;3;2;2100000
238;1;2;1;3100000
95;1;2;1;1100000
140;1;3;1;1600000
136;1;3;1;1100000
270;2;3;2;4500000
310;1;2;3;4500000
140;2;3;1;1800000
120;2;3;2;1500000
226;1;3;2;2200000
190;1;1;2;2900000
100;1;3;1;1200000
340;1;1;2;3200000
97;1;3;1;940000
58;1;1;1;1250000
190;1;1;2;2990000
160;1;3;2;1700000
180;1;2;1;1340000
71;1;2;1;1490000
96;1;3;1;1180000
96;1;1;1;840000
117;1;3;1;1100000
189;1;3;1;1950000
169;1;3;1;2900000
124;2;2;2;1680000
126;1;2;2;2560000
115;1;3;1;1100000
171;1;3;1;2300000
228;2;3;2;3160000
147;2;2;3;1590000
286;3;1;2;4490000
245;2;3;3;3600000
310;1;3;2;4500000
128;1;2;1;820000
210;1;2;2;3100000
300;1;3;2;3800000
70;1;2;3;1800000
140;1;3;2;1780000
130;1;3;1;1600000
180;1;3;1;1900000
125;1;3;1;1500000
100;1;3;1;950000
214;1;2;2;3250000
160;1;2;1;1850000
138;1;2;1;1190000
200;1;3;2;3200000
111;1;3;1;1350000
82;1;2;2;1399000
110;1;3;1;1400000
256;1;2;3;4800000
110;1;3;1;1450000
130;1;2;1;1380000
213;1;3;1;2850000
117;1;3;1;1250000
117;1;3;1;1750000
79;1;1;1;8,00E+05
115;1;1;1;1480000
165;1;3;2;1800000
181;1;3;1;1350000
135;1;3;1;1430000
156;1;3;2;1839000
27;1;1;1;330000
158;1;2;1;1600000
135;1;2;1;1644790
120;1;2;2;1400000
82;1;2;1;850000
290;1;3;2;2100000
240;1;3;1;2300000
120;1;2;1;1190000
152;1;3;1;1800000
96;1;3;1;954000
85;1;2;1;850000
110;1;2;2;1500000
290;3;1;2;4690000
96;1;3;1;990000
95;1;2;1;1200000
290;3;3;2;4690000
135;1;3;1;1530000
190;1;3;2;2900000
130;1;1;1;1500000
71;1;2;1;1490000
27;1;1;1;340000
180;1;3;2;2,00E+06
169;1;2;1;1600000
156;1;3;2;2290000
140;1;1;1;1400000
103;1;3;1;1100000
250;2;3;2;2389000
180;1;2;1;1600000
144;1;3;1;1915000
450;2;2;3;1,30E+07
160;1;2;2;2,00E+06
110;1;3;1;1400000
110;1;3;1;1400000
250;1;2;2;5,00E+06
144;1;2;2;1689000
250;3;3;2;3390000
215;1;2;2;2760000
100;1;3;1;1,00E+06
425;1;3;3;5,00E+06
103;1;2;1;1090000
181;3;3;3;3200000
145;2;3;3;2490000
98;1;2;1;1200000
116;1;2;1;1601019
118;1;3;1;980000
89;1;2;2;1298000
60;1;1;1;1036781
208;1;2;2;2900000
96;1;3;1;990000
151;1;2;3;2800000
27;1;1;1;350000
117;1;3;1;1300000
84;1;2;1;1280000
163;1;3;2;2400000
230;2;3;2;3490000
146;1;2;1;1850000
116;1;2;1;1601019
102;1;2;1;1272000
180;1;2;1;1500000
140;1;3;1;1570000
201;1;2;2;2700000
220;2;3;2;2700000
55;1;1;1;1150000
210;1;3;3;1639000
144;1;2;1;1900000
210;1;2;2;2400000
347;1;2;2;3200000
206;1;2;2;2500000
116;1;2;2;949000
112;1;3;1;1,00E+06
219;1;3;2;2600000
210;1;3;2;3,00E+06
219;2;3;1;2300000
455;3;3;3;5700000
125;1;3;1;1600000
90;1;3;1;840000
136;1;2;1;1490000
109;1;2;1;1340000
180;1;1;1;1700000
155;1;3;2;2390000
135;1;3;1;1520000
231;1;3;1;2200000
425;1;3;3;5,00E+06
139;1;2;1;1500000
110;1;3;1;1290000
340;3;3;2;4350000
208;1;3;2;1800000
203;1;2;2;1900000
129;1;3;1;1460000
134;1;2;2;2500000
96;1;3;1;850000
120;1;3;1;1190000
120;1;3;1;1568000
140;1;3;1;1350000
180;1;3;2;2500000
105;1;1;2;1498000
27;1;1;1;430000
170;1;3;1;1188000
123;2;3;1;1750000
140;1;1;1;1390000
102;1;3;1;1228000
112;1;3;1;1388000
127;2;2;2;2600000
115;1;3;1;1080000
70;1;2;1;1019228
140;1;3;2;1270000
104;1;2;1;1300000
130;1;2;1;1700000
160;1;3;2;1560000
280;3;3;3;3,00E+06
220;1;2;2;3190000
203;1;3;2;1720000
216;1;1;1;2700000
110;1;3;1;1250000
170;1;2;2;2300000
130;1;3;1;1595000
160;1;3;2;1600000
120;1;3;1;1187000
200;1;3;3;2700000
145;1;3;2;1350000
120;1;3;1;1250000
104;1;3;1;1240000
120;1;2;2;1700000
82;1;3;1;848000
126;1;3;2;1600000
55;1;1;1;904000
82;1;3;1;848000
126;1;3;2;1600000
96;1;3;1;1200000
220;1;3;2;2500000
113;1;3;1;1250000
120;1;1;1;1780000
37;1;1;1;350000
87;1;3;1;880000
140;1;3;1;1160000
212;1;3;2;2,00E+06
145;1;2;2;2200000
210;1;1;2;3200000
140;1;3;1;1570000
79;1;2;1;8,00E+05
180;1;3;1;1800000
115;1;2;1;1350000
105;1;3;1;1500000
144;1;3;1;1915000
170;1;2;1;1800000
220;1;3;1;2300000
260;1;3;3;4500000
112;1;2;1;1500000
170;1;2;2;2300000
286;1;2;2;4390000
222;1;3;2;1800000
163;1;3;2;1800000
200;1;3;2;1600000
138;1;3;1;1150000
158;1;3;1;1550000
55;1;1;1;904000
90;1;2;2;1328000
134;1;2;1;1500000
110;1;3;1;1064800
140;1;3;1;1650000
160;1;2;2;1712000
102;1;3;1;1228000
100;1;2;1;1100000
136;1;2;2;1600000
194;1;3;1;1990000
163;3;3;2;2490000
110;1;3;1;1290000
70;1;2;1;1222000
163;3;3;2;2470000
600;3;1;3;8,00E+06
112;1;2;1;958000
62;1;2;1;1237000
194;1;2;3;1900000
86;1;2;2;1600000
287;3;3;2;4390000
160;1;3;1;1588000
163;1;2;1;1500000
180;1;3;2;2300000
260;1;2;3;4,00E+06
136;1;2;3;1800000
30;1;1;1;350000
126;1;3;1;1980000
138;1;3;1;1350000
135;1;1;1;1430000
135;1;1;1;1430000
135;1;3;1;1430000
136;1;2;1;1543000
140;1;2;1;1790000
119;1;1;2;1700000
162;1;3;2;1900000
168;1;3;1;2350000
120;1;3;1;1800000
203;1;2;1;1800000
180;1;3;1;1600000
310;1;3;2;4140000
95;2;3;1;1300000
125;2;2;1;1750000
160;1;1;2;1800000
110;1;2;2;2450000
27;1;1;1;320000
110;1;3;1;1100000
126;1;2;1;1800000
123;2;3;1;1739000
112;1;2;1;960000
58;1;2;1;750000
210;2;3;2;2690000
144;1;3;1;1915000
140;1;3;1;1350000
89;2;2;2;1300000
120;1;3;1;1700000
122;1;2;2;1700000
97;1;3;1;1100000
110;1;3;1;1100000
130;1;2;2;1450000
136;1;3;1;1520000
60;1;2;1;1036000
187;1;2;2;4500000
132;1;3;1;1579000
70;1;1;1;1028000
202;1;3;1;1950000
115;2;3;1;1750000
148;1;3;1;2050000
125;1;2;1;1570000
345;1;3;2;3800000
345;1;3;2;3800000
159;1;3;1;2150000
162;1;1;1;1750000
210;1;3;2;3200000
154;1;2;1;1850000
117;1;2;1;1100000
145;1;2;2;1700000
218;1;1;2;4,00E+06
179;1;1;2;1800000
178;1;2;2;1890000
186;1;3;1;1323000
147;2;3;2;2660000
145;1;2;2;1590000
186;1;3;1;1600000
100;1;2;2;1150000
98;1;3;1;1200000
208;1;1;2;2350000
110;1;2;1;1290000
135;3;3;1;1650000
166;1;2;1;2200000
180;2;3;1;1750000
118;1;1;1;1250000
164;1;3;1;1490000
100;1;2;1;1170000
180;1;2;1;1600000
130;1;3;2;1500000
136;1;2;2;1600000
180;2;2;2;2500000
130;1;2;2;1600000
142;1;3;2;1700000
120;1;2;1;1750000
90;1;3;1;888000
170;1;3;2;1790000
162;1;1;1;1850000
105;1;1;1;960000
184;1;3;1;2500000
156;2;3;1;1385000
180;1;3;2;1950000
112;1;3;2;1818000
230;1;3;2;2480000
161;1;3;1;2,00E+06
180;2;2;3;3,00E+06
89;2;3;2;1650000
150;1;2;3;3500000
113;1;3;1;1295000
232;2;3;2;2879000
125;1;1;1;1500000
142;1;3;1;1150000
130;1;3;1;1500000
96;1;1;1;1080000
135;2;2;2;1860000
61;1;2;2;1200000
64;1;1;1;1300000
100;1;3;1;990000
140;1;3;1;1350000
119;1;3;2;960000
225;1;3;2;3400000
124;1;3;2;1400000
162;1;2;1;1850000
160;1;3;1;1800000
242;2;3;2;2700000
186;3;3;3;2340000
109;1;3;2;1350000
105;1;2;1;1550000
100;1;3;1;1148000
340;3;3;2;4400000
130;1;3;1;1550000
200;1;2;2;2280000
200;1;3;1;1200000
140;1;3;1;1300000
189;1;3;1;2020000
110;1;3;2;1450000
150;1;2;3;2790000
150;1;2;3;2790000
140;1;2;1;1500000
106;1;3;1;1300000
140;1;3;1;1540000
144;1;3;1;1590000
150;1;3;1;1750000
260;2;3;2;4300000
184;1;3;1;3,00E+06
140;1;3;1;1540000
150;2;3;3;1590000
85;1;2;1;850000
150;2;3;3;1598000
241;2;3;2;3800000
136;1;1;1;1060000
190;1;3;1;1980000
347;1;1;2;3250000
184;1;2;1;2500000
95;2;2;1;1298000
140;1;3;1;1800000
130;1;1;2;1600000
96;1;1;1;1080000
240;1;2;2;2400000
130;1;1;2;1600000
240;1;2;2;2400000
186;1;3;1;2700000
98;1;3;1;1200000
115;1;3;1;1150000
196;3;1;3;2780000
247;1;3;2;2650000
120;1;3;2;1400000
132;1;2;2;1600000
107;1;3;1;1150000
228;1;3;2;3160000
120;1;3;1;1280000
154;1;3;1;1800000
143;1;3;2;1700000
151;1;2;3;2790000
130;1;3;1;1550000
195;2;3;2;3500000
158;1;3;1;1600000
190;1;2;2;2250000
93;1;1;1;1100000
136;2;3;2;2100000
220;1;3;1;2220000
124;1;2;1;1900000
150;1;1;1;1600000
125;1;2;1;1510000
129;2;3;1;1640000
247;1;3;2;2650000
174;2;2;3;2500000
55;1;2;1;1360000
160;1;3;2;1550000
160;1;3;2;1550000
87;1;2;1;8,00E+05
106;1;3;1;1300000
210;2;2;1;2300000
142;1;3;1;1450000
80;1;1;1;820000
138;1;3;1;1200000
154;1;3;1;1800000
190;1;2;1;1170000
115;1;3;2;1700000
169;1;2;1;1590000
188;3;3;3;2350000
226;2;3;2;3490000
205;1;3;2;2400000
182;1;3;3;2650000
170;1;2;1;1800000
150;1;3;3;2785000
207;1;1;2;2100000
120;1;3;1;1272000
130;1;2;1;1395000
250;1;3;2;2800000
200;1;3;2;2600000
160;1;2;2;1680000
208;1;1;2;2700000
144;1;3;1;1915000
180;1;1;1;1800000
80;1;3;1;850001
180;1;1;1;1800000
80;1;3;1;850001
156;1;2;2;2270000
126;1;2;1;1980000
154;1;3;1;1600000
151;1;3;3;2800000
118;1;3;1;1580000
120;1;3;1;1300000
103;1;2;1;1,00E+06
138;1;3;1;1700000
118;1;3;1;1390000
220;2;2;1;2300000
156;1;3;1;1300000
150;1;3;1;1500000
68;2;3;2;840000
222;1;3;2;2300000
100;1;2;1;1170000
135;1;2;1;1980000
112;1;2;1;1400000
182;1;2;3;2650000
58;1;1;1;840000
107;1;3;1;1150000
121;1;3;1;1350000
130;1;3;2;1450000
219;2;3;1;4,00E+06
66;1;1;1;720000
220;1;3;1;2,00E+06
154;1;3;1;1600000
141;1;3;1;1300000
182;1;3;1;2338000
425;1;1;3;5500000
190;3;3;2;2250000
120;1;3;1;1700000
120;1;3;1;1700000
154;1;3;1;1800000
219;1;3;2;3500000
142;1;3;2;1700000
160;1;3;2;1750000
128;1;3;1;1280000
95;1;3;1;940000
95;1;3;1;940000
110;1;3;1;1150000
280;1;3;2;3700000
138;1;2;1;1596000
98;2;3;1;1289000
95;1;3;2;1350000
190;1;1;1;2100000
40;1;2;1;880000
90;1;1;1;788000
100;1;2;1;890000
204;1;3;2;2050000
205;1;2;1;2120000
45;1;1;1;550000
110;1;2;1;1200000
250;2;3;2;2879000
115;2;3;1;1650000
150;1;2;1;1600000
121;1;2;1;1100000
112;1;3;1;1400000
136;1;3;1;1450000
122;1;1;1;1400000
110;1;3;1;1150000
189;1;3;1;1900000
109;1;1;1;1500000
138;1;3;1;1500000
84;1;2;1;1350000
136;1;2;2;1530000
230;3;3;2;3200000
86;1;1;1;940000
283;3;3;2;4380000
156;1;3;2;1890000
120;1;3;1;1600000
156;3;3;2;2190000
183;1;2;1;1890000
130;1;3;2;1500000
140;1;3;2;2,00E+06
86;1;2;1;1150000
180;1;3;2;4,00E+06
216;2;3;2;2700000
268;1;2;2;3600000
156;1;3;2;1890000
178;1;3;2;1800000
138;1;2;1;1596000
150;1;3;1;2120000
128;1;2;1;1500000
297;1;3;2;2880000
162;1;1;1;1850000
100;1;3;1;990000
115;2;3;1;1650000
123;1;3;3;1820000
160;1;2;2;1680000
280;1;3;2;5300000
180;1;3;1;1499000
123;1;3;3;1820000
160;1;2;2;1680000
207;1;3;2;2400000
280;1;3;2;5300000
102;1;2;1;1200000
144;1;3;1;1915000
119;1;3;1;1270000
190;1;3;1;2100000
280;1;3;2;5700000
90;1;1;1;1290000
90;1;1;1;1290000
166;1;3;2;1495000
110;1;2;1;1200000
189;1;3;1;1900000
160;1;3;1;1275000
200;1;3;1;1900000
110;1;1;1;970000
100;1;3;1;1500000
115;1;3;1;1500000
292;1;2;3;2110000
255;3;1;3;4190000
212;1;1;2;2700000
103;2;3;1;1350000
103;2;3;1;1350000
260;1;3;2;3200000
112;2;2;1;1790000
140;1;3;1;1500000
230;3;3;2;3800000
135;2;2;3;2500000
110;1;3;1;1400000
140;1;3;1;1500000
185;1;3;2;1850000
49;1;2;1;1285000
239;1;1;1;2100000
250;3;3;2;3300000
140;1;3;1;1705000
98;2;2;1;1290000
120;1;2;1;1,00E+06
130;1;2;1;1450000
180;1;3;1;1800000
221;1;3;2;2200000
130;1;1;1;1,00E+06
110;1;2;1;1080000
213;1;1;2;2600000
170;1;1;2;1500000
317;2;3;3;3100000
120;1;3;1;1300000
140;1;1;1;1570000
120;1;3;1;1780000
252;2;3;2;5,00E+06
110;1;3;1;1484000
89;2;2;2;1400000
120;1;3;1;1820000
140;1;3;2;1700000
200;1;1;2;1500000
153;1;3;1;2150000
138;1;2;1;1450000
148;2;3;1;1750000
104;1;2;1;2129000
113;2;1;1;1350000
106;1;2;2;1245000
191;1;3;1;1200000
107;1;2;1;950000
102;1;3;1;1248000
226;1;2;2;2500000
260;1;3;2;3550000
225;1;2;2;3400000
194;1;3;1;1990000
190;1;3;1;2100000
196;1;3;1;1800000
250;3;3;2;3300000
160;1;2;2;1750000
80;1;2;1;1070000
200;1;1;2;3,00E+06
101;2;2;1;1370000
115;2;3;1;1750000
94;1;3;1;989000
136;2;2;2;2100000
90;1;2;2;1400000
192;1;2;1;2090000
223;1;3;2;3200000
120;1;2;1;2500000
95;1;3;1;1200000
210;1;2;2;3200000
139;1;3;1;1470000
122;1;3;2;1800000
130;1;3;1;1550000
142;1;3;2;1700000
98;2;2;1;1290000
270;2;2;2;3900000
115;1;3;1;1300000
108;1;2;1;1100000
160;1;3;2;1580000
177;1;3;1;1400000
150;1;3;2;1900000
129;1;1;1;1500000
320;3;3;2;6800000
153;1;3;1;2150000
250;1;3;2;3,00E+06
140;2;3;1;1800000
191;1;3;1;1200000
110;1;2;1;1250000
104;1;2;1;2129000
80;1;2;1;848000
95;1;2;1;1100000
135;2;2;1;1750000
95;2;3;1;1300000
140;1;2;1;1900000
70;1;2;1;2200000
130;1;2;1;1450000
160;1;3;1;998800
136;1;3;3;1870000
188;1;3;2;2600000
70;1;1;1;965000
100;1;2;1;1240000
160;1;3;2;1650000
192;1;2;2;2750000
90;1;3;1;980000
94;1;3;1;989000
96;1;3;1;1080000
190;1;3;1;2100000
225;1;2;2;3270000
138;1;2;1;1060000
345;1;2;2;3200000
96;1;3;1;990000
156;3;3;3;2600000
95;1;3;1;1200000
119;1;3;1;1750000
150;1;1;1;2,00E+06
101;2;2;1;1370000
104;1;2;1;1300000
111;1;3;1;2400000
250;1;3;1;2,00E+06
139;2;3;2;2200000
117;1;3;1;1250000
177;1;3;1;1400000
250;1;3;2;2500000
101;2;2;1;1370000
300;1;2;2;4,00E+06
340;3;3;2;5320000
212;1;2;2;2750000
151;1;3;3;2800000
78;1;2;1;1100000
129;1;1;1;1500000
136;2;3;2;2100000
136;2;3;2;2100000
230;3;3;2;3790000
110;1;3;1;1485000
119;1;3;1;1250000
145;1;3;1;1700000
146;1;2;3;1490000
120;1;3;1;1300000
125;1;2;1;1510000
172;1;3;1;1700000
120;1;2;1;1350000
186;1;3;2;2350000
338;1;2;2;3800000
260;3;3;2;3500000
96;1;2;1;1590000
220;1;2;2;2400000
129;1;3;1;1500000
90;1;3;2;1350000
85;1;2;2;1100000
210;1;2;2;2100000
120;1;3;1;948000
187;1;3;1;1995000
169;1;3;1;1650000
95;1;2;1;1100000
136;2;3;2;2100000
103;1;3;1;1240000
170;1;3;1;1800000
130;1;1;2;1450000
80;1;2;3;1500000
102;1;2;1;1100000
95;1;2;1;1550000
95;1;2;1;1550000
212;1;1;2;2770000
250;1;2;2;3480000
140;1;3;1;1300000
226;1;3;2;2200000
184;1;2;1;2700000
120;2;3;2;1500000
250;2;3;2;2900000
140;1;2;2;1700000
126;1;2;2;2560000
96;1;3;1;1180000
200;1;2;2;2500000
43;1;1;1;638550
190;1;3;1;1700000
109;1;3;1;1300000
250;1;3;2;3,00E+06
89;2;1;1;1060000
140;2;2;1;1448000
190;1;3;1;2100000
82;1;2;2;1399000
82;1;2;2;1399000
180;1;1;2;1600000
145;1;3;1;1650000
162;1;3;1;1380000
54;1;1;1;1360000
98;1;1;1;1600000
150;1;2;1;2,00E+06
207;1;3;2;2300000
207;1;3;2;2300000
250;1;2;2;2800000
249;3;3;2;3990000
115;2;2;1;1750000
162;1;2;1;1830001
96;1;3;1;1080000
30;1;1;1;445500
200;3;3;3;3200000
96;1;3;1;954000
120;1;2;2;1500000
98;1;3;1;1198000
200;1;3;2;2600000
83;1;2;1;1300000
200;1;3;2;2600000
83;1;2;1;1300000
300;1;2;2;4,00E+06
97;1;3;1;1080000
27;1;1;1;515000
117;1;3;1;1200000
230;2;3;2;3490000
270;2;2;2;4500000
290;2;3;2;3245000
140;2;3;1;1800000
172;2;3;2;2100000
156;3;2;2;2190000
146;1;2;1;1550000
152;1;3;1;1850000
96;1;3;1;850000
190;1;3;1;1490000
122;1;3;2;1800000
120;1;2;1;1350000
96;1;3;1;990000
110;1;3;2;1350000
130;1;3;1;1800000
250;2;3;2;2389000
100;1;3;1;988000
170;1;2;3;1680000
104;1;1;1;1300000
120;1;1;1;1190000
138;2;3;1;1150000
153;1;3;1;2350000
249;1;2;1;1769000
187;1;3;1;2340000
153;1;3;1;2350000
249;1;2;1;1769000
130;1;1;1;1500000
187;1;3;1;2340000
241;1;2;2;3400000
180;1;3;1;1500000
190;1;3;3;2350000
100;1;2;2;1150000
213;1;3;1;2850000
78;1;2;2;850000
220;1;2;1;2300000
300;1;2;2;4,00E+06
223;2;2;2;2500000
96;1;3;1;954000
89;2;1;1;1060000
97;1;3;1;1080000
125;1;3;1;1500000
222;3;3;2;3290000
90;1;3;1;840000
152;1;3;1;1850000
203;3;3;2;3150000
120;1;3;2;950000
221;1;3;2;2170000
112;1;3;1;1,00E+06
140;1;3;2;1850000
42;1;1;1;688000
122;1;3;2;1800000
122;1;3;2;1800000
96;1;3;1;990000
254;3;3;3;3600000
110;2;3;1;1350000
180;1;3;1;1500000
153;1;3;1;2350000
129;1;3;1;1460000
105;1;3;1;948000
175;2;3;1;1780000
150;1;3;1;2,00E+06
280;3;3;2;4240000
230;1;2;2;2650000
231;1;3;1;2200000
96;1;3;1;850000
115;1;1;1;1300000
223;2;2;2;2500000
115;1;2;2;1495000
118;1;3;1;980000
68;1;2;1;788000
155;1;3;2;2300000
257;1;3;2;3800000
156;3;3;2;2190000
130;1;1;1;1700000
260;1;3;3;5000001
86;1;3;1;940000
120;1;3;2;1750000
130;1;3;2;1704000
187;1;2;1;2500000
185;1;3;1;1470000
45;1;1;1;650000
168;1;2;2;1950000
130;1;2;2;1445000
220;1;2;2;3050000
89;1;1;2;1300000
168;1;2;2;1950000
220;1;2;2;3050000
89;1;1;2;1300000
110;1;3;1;1400000
162;1;1;1;1750000
208;1;2;1;2680000
130;1;2;1;1600000
97;1;2;1;1270000
160;1;2;2;1820000
177;2;2;1;2950000
120;1;3;1;1190000
144;1;3;2;1340000
220;1;1;2;2400000
180;1;2;2;1600000
98;1;2;1;1600000
203;1;3;2;1720000
95;2;3;1;1300000
45;1;1;1;540000
150;2;2;3;1600000
138;1;1;1;1500000
82;1;2;2;1399000
55;1;1;1;904000
110;1;2;1;1100000
100;1;3;1;1500000
340;3;3;3;5800000
140;1;2;2;1850000
170;1;1;1;1670000
240;2;2;2;2990000
85;1;2;2;1100000
270;2;3;2;5650001
208;1;2;1;2680000
190;3;3;3;2300000
130;1;2;1;1600000
90;2;3;2;1425000
240;2;1;3;3200000
54;1;2;1;9,00E+05
220;1;1;2;2150000
190;3;3;3;2300000
240;2;1;3;3200000
54;1;2;1;9,00E+05
112;1;3;1;1200000
220;1;1;2;2150000
142;1;3;2;1700000
129;1;3;1;1390000
228;1;3;1;1550000
98;1;2;1;1150000
136;1;3;1;1600000
129;1;3;1;1390000
228;1;3;1;1550000
160;1;2;1;1500000
100;1;3;1;1188000
98;1;2;1;1150000
90;2;1;2;1400000
139;2;3;2;2,00E+06
228;2;3;2;3160000
220;1;2;2;2990000
200;1;3;2;2500000
110;1;2;2;1179000
75;1;3;1;920000
126;1;3;1;1980000
180;1;3;2;2300000
325;1;3;3;7500000
110;1;3;2;1500000
95;2;3;1;1300000
210;2;3;2;3250000
127;1;2;1;2240000
220;1;3;1;2,00E+06
68;1;2;1;820000
187;1;2;2;4500000
263;3;3;3;4200000
163;3;3;2;2490000
180;3;3;3;2360000
120;1;3;1;1200000
95;2;3;1;1300000
237;1;2;2;1780000
124;2;2;2;1990000
118;1;2;2;1400000
158;1;3;1;1800000
130;1;2;2;1450000
124;1;3;2;1680000
100;1;3;1;1188000
158;1;3;1;1800000
100;1;3;1;1188000
200;2;3;1;2700000
110;1;3;1;980000
95;2;3;1;1300000
186;1;3;1;2700000
230;3;3;3;3790000
140;1;3;1;1800000
40;1;1;1;580000
205;1;1;2;2460000
89;1;2;2;1300000
160;1;1;2;1650000
130;1;2;1;1580001
80;1;2;1;990000
205;1;1;2;3,00E+06
180;1;3;1;1600000
210;1;3;2;3,00E+06
263;3;3;3;4200000
142;1;3;2;1700000
200;2;3;1;2700000
180;2;3;1;2120000
205;1;2;2;2740000
220;1;2;2;2,00E+06
190;1;1;2;2150000
134;1;3;1;1800000
87;1;3;1;880000
223;2;2;2;2600000
150;1;2;3;3500000
170;1;3;1;1778000
138;1;3;1;1300000
192;1;3;1;2090000
138;1;3;1;1700000
80;1;3;1;850000
138;1;3;1;1700000
80;1;3;1;850000
187;1;2;2;4500000
210;1;3;2;3200000
186;3;3;3;2340000
200;1;2;2;2280000
186;1;3;1;1323000
120;1;3;1;1190000
140;1;3;1;1800000
168;1;2;3;2040000
112;1;2;1;922200
163;1;2;1;1600000
66;1;1;1;9,00E+05
138;1;1;1;1680000
200;1;3;1;1200000
131;1;1;1;1500000
87;1;2;1;8,00E+05
368;3;3;2;3800000
150;1;2;3;2790000
136;1;1;1;1060000
117;1;2;1;1100000
182;1;3;1;1900000
130;1;2;2;1450000
263;3;3;2;4200000
402;3;3;3;5200000
290;1;2;2;4700000
150;2;3;3;1600000
61;1;2;2;1200000
140;1;2;1;1760000
189;1;3;1;2100000
150;1;2;3;3500000
190;1;1;2;2150000
155;1;2;2;1170000
132;1;2;2;1600000
112;1;2;1;922200
169;2;3;1;1870000
119;1;3;2;960000
155;1;2;2;1170000
180;1;3;2;1650000
132;1;2;2;1600000
112;1;2;1;922200
169;2;3;1;1870000
119;1;3;2;960000
260;2;3;1;2700000
95;2;2;1;1200000
179;3;3;2;2470000
220;1;3;1;2220000
230;2;3;3;3500000
95;2;3;1;1300000
115;1;1;2;1790000
185;1;2;1;1800000
150;2;3;3;1590000
105;2;2;1;1700000
130;1;3;2;1450000
143;1;3;1;1300000
260;1;3;2;2600000
169;1;2;1;1590000
230;1;2;3;2780001
208;1;2;1;2800000
240;1;2;1;3100000
160;1;1;1;1600000
180;1;3;2;2300000
80;1;2;1;850000
195;2;2;2;5551800
58;1;1;1;840000
55;1;1;1;1360000
140;2;3;2;1280000
96;1;3;1;1080000
58;1;1;1;840000
55;1;1;1;1360000
140;2;3;2;1280000
96;1;3;1;1080000
220;1;1;1;2,00E+06
90;1;2;1;850000
142;1;3;2;1700000
180;1;3;2;1650000
118;1;2;1;1960000
110;1;2;2;1500000
252;1;3;2;3600000
180;1;3;1;1600000
100;1;3;1;1300000
180;1;3;1;1600000
100;1;3;1;1300000
156;1;3;1;1300000
163;3;3;2;2490000
136;1;3;1;1500000
141;1;3;1;1300000
185;1;2;1;1800000
200;1;3;2;2250000
138;1;3;1;1700000
170;1;2;1;1800000
120;2;3;2;2200000
130;1;2;1;1395000
160;1;3;2;1550000
192;1;3;1;2090000
98;1;3;1;1600000
84;1;2;1;1350000
219;1;3;1;2700000
160;1;3;2;1750000
140;1;3;2;1700000
280;1;3;2;3700000
250;1;1;1;3200000
269;1;2;1;5500000
120;1;2;1;1780000
205;1;3;2;2400000
144;1;3;1;1915000
180;1;1;1;1800000
153;1;3;1;1850000
58;1;1;1;840000
86;1;3;1;985000
192;1;2;1;2350000
130;1;3;1;2200000
136;1;3;2;1600000
142;1;3;2;1700000
120;1;2;1;1780000
110;1;3;1;1400000
95;1;3;2;1350000
140;1;1;1;1500000
140;1;1;1;1500000
100;1;2;1;980000
130;1;1;1;1705000
160;1;3;2;1700000
180;1;3;2;1790000
132;1;2;3;2700000
345;1;2;2;3,00E+06
180;1;2;2;1950000
179;3;3;2;2470000
180;1;2;2;1950000
179;3;3;2;2470000
150;1;3;1;2120000
80;1;1;3;1500000
112;2;3;1;1790000
70;1;2;1;1220900
150;2;1;3;2200000
196;3;3;3;2500000
154;1;3;1;1950000
141;1;1;2;1700000
128;1;2;1;820000
280;1;2;2;5300000
86;1;3;1;1150000
128;1;1;1;955000
310;1;2;3;4500000
221;1;3;2;2200000
90;1;1;1;8,00E+05
160;3;2;1;2200000
98;1;2;1;1500000
70;1;2;1;1220900
90;1;1;2;1800000
84;1;2;1;1350000
196;3;3;3;2300000
158;1;3;1;1950000
123;1;1;1;1400000
106;1;1;1;1450000
127;1;3;1;1500000
49;1;2;1;1285000
136;1;3;1;1500000
150;1;3;2;1800000
327;2;2;3;7191800
100;1;3;2;1300000
170;3;3;2;2470000
87;1;3;1;1100000
120;1;3;1;1400000
107;1;2;1;950000
120;1;3;1;1400000
340;3;3;2;4400000
345;1;3;2;2800000
51;1;1;1;9,00E+05
225;1;2;2;3200000
270;1;3;3;4190000
120;1;3;1;1600000
100;1;2;1;1250000
140;2;3;3;2500000
200;1;3;1;2280000
45;1;1;1;650000
71;1;1;1;1490000
160;1;3;2;1750000
122;1;3;1;988000
122;2;3;2;1790000
106;1;1;1;1450000
61;1;2;2;1280000
225;1;2;2;2500000
70;1;2;1;1240050
150;1;3;2;1900000
150;2;3;3;1600000
230;1;3;2;3280000
190;2;3;2;4300000
267;1;3;2;3100000
110;1;3;1;1170000
180;1;3;2;1700000
120;1;3;2;1499000
96;1;2;1;1080000
140;1;3;1;1500000
34;1;1;1;540000
148;3;3;2;1990000
182;1;2;3;2650000
110;1;2;1;1300000
163;3;3;2;2470000
250;1;3;1;2,00E+06
145;1;2;2;1700000
122;2;3;2;1790000
169;1;3;1;2900000
227;1;3;1;3450000
135;1;3;1;1570000
141;1;3;2;1700000
300;1;3;2;3800000
135;1;3;1;1570000
225;1;3;2;2450000
144;2;2;2;2150000
120;1;2;1;1280000
146;1;3;1;1500000
85;1;2;1;750000
79;1;1;1;850000
170;1;2;2;1888000
60;1;1;1;1009900
120;1;3;1;1300000
125;1;2;1;2,00E+06
130;1;3;1;1500000
220;1;2;2;2,00E+06
102;1;2;1;1100000
141;1;3;2;1700000
94;1;2;2;1140000
140;1;1;1;1500000
116;1;2;2;949000
130;1;3;1;1500000
212;1;1;2;1990000
234;2;3;3;1800000
93;1;3;2;8,00E+05
250;1;3;2;3,00E+06
125;2;3;1;2650000
55;1;1;1;9,00E+05
287;3;1;2;4490000
300;1;2;1;2700000
136;1;3;1;1450000
120;1;2;1;1300000
93;1;3;2;8,00E+05
144;1;3;1;1915000
94;1;3;1;1200000
145;1;3;1;1600000
103;1;3;1;1050000
115;1;3;1;1170000
146;1;3;1;1650000
146;1;3;1;1280000
130;1;3;1;1500000
136;1;3;1;1450000
68;2;3;2;848000
130;1;3;1;1280000
140;1;3;1;1500000
162;1;3;1;1750000
55;1;1;1;9,00E+05
271;1;3;1;3100000
86;1;3;1;990000
137;1;2;2;1600000
140;1;3;1;1540000
140;1;3;1;1540000
120;1;3;1;1250000
220;1;3;1;2220000
100;1;3;1;1280000
111;1;2;1;1490000
151;1;3;1;1700000
292;2;2;2;2600000
70;1;2;1;1,00E+06
115;1;2;1;1390000
225;1;3;2;2750000
80;1;2;1;805000
100;1;3;1;1400000
120;1;3;2;1400000
189;1;3;1;2050000
154;1;3;1;1700000
125;2;2;1;1595000
170;1;1;2;1700000
133;1;3;1;1200000
140;1;3;1;1300000
248;1;2;2;2700000
135;1;1;3;1670000
140;1;3;2;1750000
117;1;3;1;980000
100;1;3;1;1100000
118;1;3;1;980000
120;1;3;1;1250000
187;1;2;1;1950000
160;1;3;2;1710000
112;1;2;1;940000
107;1;3;1;1150000
100;1;3;1;1100000
106;1;3;1;1300000
120;1;3;1;1250000
137;1;3;1;1750000
110;1;2;1;1200000
200;1;3;2;1640000
161;1;2;1;1340000
85;1;2;1;850000
120;1;3;1;1600000
187;1;2;1;1950000
160;1;3;2;1710000
223;2;3;2;2600000
230;2;3;2;3250000
172;1;3;1;1700000
136;1;3;3;1870000
135;1;3;2;1300000
115;2;3;1;1750000
115;1;2;1;930000
156;1;3;2;1850000
140;1;3;1;1570000
169;1;2;1;1650000
122;1;3;2;1700000
130;1;3;1;1550000
130;1;3;1;1550000
90;1;1;2;1380000
142;1;3;1;1150000
140;1;3;2;1700000
120;1;3;1;1280000
160;1;3;2;1740000
161;1;2;1;1340000
103;1;3;1;940000
140;1;3;1;1450000
120;1;2;2;1850000
140;1;2;1;1250000
156;1;3;2;1850000
340;2;3;2;4400000
140;1;3;1;1150000
190;1;3;1;2100000
130;1;1;1;1240000
189;2;3;2;2300000
180;1;2;1;1600000
240;1;3;2;1700000
73;1;3;1;848000
207;1;3;2;2300000
156;1;3;1;1850000
153;1;3;1;2150000
190;1;3;1;2200000
112;1;3;1;970000
142;1;3;1;1450000
286;3;3;2;4390000
100;1;3;1;1240000
188;1;3;2;2600000
120;1;3;1;1070000
255;3;3;3;4190000
120;1;3;2;1650000
170;1;3;1;1800000
70;1;2;1;1320000
115;1;2;2;1170000
189;2;3;2;2300000
68;2;3;2;840000
130;1;2;1;1400000
154;1;3;1;1600000
150;1;3;1;1500000
140;1;3;1;1350000
70;1;2;1;1300000
93;1;3;1;1100000
200;1;3;1;2090000
100;1;2;1;1170000
139;1;1;1;1940000
33;1;1;1;487100
189;1;3;1;1900000
178;3;3;3;2130000
175;2;3;1;1780000
120;1;3;1;1300000
151;1;3;1;1700000
155;2;1;2;2345000
154;1;3;2;1900000
120;1;3;1;1700000
187;1;3;2;2400000
189;1;3;1;1980000
287;3;3;2;4490000
139;1;3;2;1100000
70;1;2;1;1222040
138;1;3;1;1500000
70;1;2;1;1315570
150;1;3;3;2800000
62;1;2;1;1290000
81;1;2;1;1100000
34;1;1;1;540000
223;2;3;2;2650000
152;1;3;1;1850000
219;1;3;2;2600000
188;1;2;2;2600000
70;1;2;1;1315570
184;1;3;1;2300000
117;1;3;1;1100000
115;1;3;1;1350000
176;1;3;2;2390000
80;1;3;1;1280000
100;1;3;1;990000
123;1;3;1;1650000
113;2;2;1;1400000
103;2;3;1;1350000
113;2;2;1;1400000
103;2;3;1;1350000
170;1;2;2;2500000
160;1;2;1;1060000
128;1;2;1;820000
110;1;3;1;1150000
181;1;3;1;1400000
222;3;3;2;3390000
140;2;3;1;1800000
158;1;3;2;1300000
113;1;2;1;1100000
259;3;3;3;4500000
130;1;1;2;1450000
70;1;2;1;1033999
180;1;3;1;1499000
161;1;1;1;1890000
70;1;2;1;1278160
112;1;2;1;1150000
291;1;3;2;3800000
78;1;2;1;795000
70;1;2;1;1239502
203;1;3;2;2399000
187;1;3;1;2600000
180;1;1;2;2100000
82;1;3;1;850000
167;1;1;2;2300000
70;1;2;1;1278160
82;1;2;2;1399000
105;1;3;1;1200000
130;1;2;1;9,00E+05
98;2;3;1;1290000
230;3;1;2;2800000
196;3;1;3;1999000
104;1;2;1;1150000
120;1;2;1;1,00E+06
180;1;3;1;1499000
120;1;2;1;2500000
135;1;3;2;1350000
250;3;3;2;3990000
105;1;3;1;1200000
119;1;3;1;1270000
104;1;2;1;2129000
210;1;2;2;2280000
111;1;3;1;1485000
127;1;3;1;2250000
90;1;1;2;1250000
263;3;1;3;4200000
70;1;2;1;1219870
78;1;2;2;850000
189;1;3;1;2100000
230;3;1;2;2800000
90;1;3;1;840000
111;1;3;1;1350000
140;1;3;1;1500000
70;1;1;1;1259450
160;1;3;2;1580000
216;1;3;2;2400000
112;1;3;2;1700000
61;1;2;2;750000
136;2;3;2;2100000
70;1;2;1;990000
119;1;3;1;1750000
210;1;3;1;2490000
186;1;3;2;2350000
190;1;3;1;1600000
120;1;2;1;1490000
227;1;2;2;2200000
96;1;3;1;1180000
230;1;1;2;2650000
